id,event,execution_start,matched_trade_date,close,sma200,distance_from_sma200,peak_252_date,peak_252_close,drawdown_from_252d_peak,recovered_to_sma200,recovery_date,recovery_close,recovery_sma200,trading_days_to_recovery,calendar_days_to_recovery,return_to_recovery,lowest_date_after_entry,lowest_close_after_entry,max_drawdown_after_entry
NSF01,首次政黨輪替,2000-03-16,2000-03-16,8682.7197265625,8199.633181152343,0.05891562887478652,2000-02-17,10202.1533203125,-0.14893263667433876,True,2000-03-16,8682.7197265625,8199.633181152343,0,0,0.0,2000-03-16,8682.7197265625,0.0
NSF02,網路泡沫,2000-10-03,2000-10-03,6143.412109375,8586.664577636719,-0.28454034115004034,2000-02-17,10202.1533203125,-0.39783181878442675,True,2001-12-05,4924.53759765625,4765.378157958984,288,428,-0.19840350769545756,2001-10-03,3446.244140625,-0.4390341915421976
NSF03,三一九事件與兩岸緊張,2004-05-20,2004-05-20,5815.3037109375,6091.653051757812,-0.04536524625948102,2004-03-04,7034.068359375,-0.17326596589200494,True,2004-05-28,6137.23193359375,6114.124392089844,6,8,0.05535879786480691,2004-05-20,5815.3037109375,0.0
NSF04,金融海嘯,2008-09-18,2008-09-18,5641.9248046875,7969.231728515625,-0.29203654795236034,2007-10-29,9809.8349609375,-0.42487056844957194,True,2009-04-07,5576.8251953125,5567.334499511719,131,201,-0.011538546086419466,2008-11-20,4089.9111328125,-0.2750858484653208
NSF05,歐債危機,2011-12-21,2011-12-21,6966.4482421875,8054.3623046875,-0.1350714086783572,2011-01-28,9145.3076171875,-0.23824888852345405,True,2012-02-09,7910.74267578125,7867.7889477539065,28,50,0.13554890537695807,2011-12-22,6966.318359375,-1.864405045215456e-05
NSF06,中國股災與人民幣貶值,2015-08-25,2015-08-25,7675.60498046875,9244.127561035157,-0.16967773001942044,2015-04-27,9973.07421875,-0.23036720552644285,True,2016-03-03,8611.7626953125,8564.707961425782,125,191,0.12196533266444609,2016-01-21,7663.974609375,-0.0015152383588452611
NSF07,COVID-19疫情,2020-03-20,2020-03-20,9234.08984375,11110.65794921875,-0.16889801792527526,2020-01-14,12179.8095703125,-0.24185269150204958,True,2020-06-01,11079.01953125,11052.713881835938,48,73,0.1997955097598192,2020-03-23,8890.0302734375,-0.03725971656485161
NSF08,升息與俄烏戰爭,2022-07-13,2022-07-13,14324.6796875,17046.182739257812,-0.1596546918091004,2022-01-04,18526.349609375,-0.22679426926871793,True,2023-01-17,14932.9296875,14928.10572265625,131,188,0.04246168244381554,2022-10-25,12666.1201171875,-0.11578336175710735
NSF09,對等關稅衝擊,2025-04-09,2025-04-09,17391.759765625,22626.17560546875,-0.23134337552735118,2024-07-11,24390.029296875,-0.28693157544286596,True,2025-06-10,22242.140625,22201.005869140627,42,62,0.27888959626511345,2025-04-09,17391.759765625,0.0
