strategy,rebalance_id,execution_date,signal_date,signal_type,target_etf_weight_pct,target_cash_weight_pct,approx_target_exposure_pct,action,etf_close,account_value_before,etf_value_before,cash_before,etf_weight_before_pct,trade_amount,buy_amount,sell_amount,commission,transaction_tax,total_cost,etf_value_after,cash_after,account_value_after,etf_weight_after_pct
macd_rebalance_50_50,1,2014-10-23,2004-01-30,golden_cross,50.0,50.0,100.0,buy,0.8706569763050788,1000000.0,0.0,1000000.0,0.0,499900.26989615575,499900.26989615575,0.0,199.46020768856616,0.0,199.46020768856616,499900.26989615575,499900.2698961557,999800.5397923114,50.000000000000014
macd_rebalance_50_50,2,2014-12-29,2014-12-26,golden_cross,50.0,50.0,100.0,buy,0.8262534505857629,974305.6145857984,474405.34468964266,499900.2698961557,48.69163613424564,12744.919991718167,12744.919991718167,0.0,5.0852230766955495,0.0,5.0852230766955495,487150.2646813608,487150.26468136086,974300.5293627216,50.0
macd_rebalance_50_50,3,2015-05-18,2015-05-15,death_cross,50.0,50.0,100.0,buy,0.8010044015942087,959413.9580685645,472263.6933872037,487150.26468136086,49.22418414027841,7441.801007777541,7441.801007777541,0.0,2.969278602103239,0.0,2.969278602103239,479705.49439498124,479705.4943949812,959410.9887899624,50.000000000000014
macd_rebalance_50_50,4,2015-10-19,2015-10-16,golden_cross,50.0,50.0,100.0,sell,0.8562911395173377,992521.1089043038,512815.61450932256,479705.4943949812,51.667980651358306,16566.6484277459,0.0,16566.6484277459,6.610092722670615,16.5666484277459,23.176741150416515,496248.96608157665,496248.96608157665,992497.9321631533,50.0
macd_rebalance_50_50,5,2016-01-11,2016-01-08,death_cross,50.0,50.0,100.0,buy,0.6839010565482857,892592.1915942038,396343.22551262716,496248.96608157665,44.403617827391365,49942.90667459317,49942.90667459317,0.0,19.92721976316268,0.0,19.92721976316268,446286.1321872203,446286.1321872203,892572.2643744407,50.0
macd_rebalance_50_50,6,2016-02-22,2016-02-19,golden_cross,50.0,50.0,100.0,sell,0.788815257066622,961035.02271138,514748.8905241597,446286.1321872203,53.56192837508588,34255.34077934484,0.0,34255.34077934484,13.667880970958594,34.25534077934484,47.92322175030343,480493.54974481487,480493.54974481487,960987.0994896297,50.0
macd_rebalance_50_50,7,2016-05-16,2016-05-13,death_cross,50.0,50.0,100.0,buy,0.7500709651590686,937386.6655677014,456893.11582288664,480493.54974481487,48.74115800934531,11797.86328723828,11797.86328723828,0.0,4.707347451608075,0.0,4.707347451608075,468690.9791101249,468690.979110125,937381.95822025,49.99999999999999
macd_rebalance_50_50,8,2016-06-04,2016-06-03,golden_cross,50.0,50.0,100.0,sell,0.8567264779693686,1004026.9545586309,535335.975448506,468690.979110125,53.31888481856934,33345.82357277964,0.0,33345.82357277964,13.304983605539078,33.34582357277964,46.65080717831872,501990.1518757263,501990.1518757263,1003980.3037514526,50.0
macd_rebalance_50_50,9,2016-11-07,2016-11-04,death_cross,50.0,50.0,100.0,sell,1.0874505434772868,1139170.7194372462,637180.5675615199,501990.1518757263,55.93372061707213,67642.52378828671,0.0,67642.52378828671,26.9893669915264,67.64252378828671,94.6318907798131,569538.0437732332,569538.0437732332,1139076.0875464664,50.0
macd_rebalance_50_50,10,2017-02-02,2017-01-24,golden_cross,50.0,50.0,100.0,sell,1.1218415338968506,1157087.9203828822,587549.876609649,569538.0437732332,50.778326025150086,9012.220466424189,0.0,9012.220466424189,3.595875966103252,9.01222046642419,12.608096432527441,578537.6561432248,578537.6561432249,1157075.3122864496,50.0
macd_rebalance_50_50,11,2017-04-24,2017-04-21,death_cross,50.0,50.0,100.0,sell,1.203683253135308,1199281.3770400682,620743.7208968432,578537.6561432249,51.759639796032964,21117.804280903652,0.0,21117.804280903652,8.426003908080558,21.117804280903652,29.543808188984208,599625.9166159396,599625.9166159396,1199251.8332318792,50.0
macd_rebalance_50_50,12,2017-05-15,2017-05-12,golden_cross,50.0,50.0,100.0,sell,1.2942315753497426,1244359.3152579353,644733.3986419957,599625.9166159396,51.81247817543384,22569.52839814258,0.0,22569.52839814258,9.005241830858889,22.56952839814258,31.57477022900147,622163.8702438532,622163.8702438531,1244327.7404877064,50.0
macd_rebalance_50_50,13,2017-05-22,2017-05-19,death_cross,50.0,50.0,100.0,buy,1.2781244677861976,1236584.720945426,614420.850701573,622163.8702438531,49.68691916489312,3870.7375589970397,3870.7375589970397,0.0,1.544424286039819,0.0,1.544424286039819,618291.58826057,618291.5882605701,1236583.1765211402,49.999999999999986
macd_rebalance_50_50,14,2017-05-31,2017-05-26,golden_cross,50.0,50.0,100.0,sell,1.2946669138017737,1244585.570246065,626293.9819854948,618291.5882605701,50.32148828960561,4003.9976588246736,0.0,4003.9976588246736,1.597595065871045,4.003997658824674,5.601592724695719,622289.9843266702,622289.9843266701,1244579.9686533404,50.0
macd_rebalance_50_50,15,2017-08-14,2017-08-11,death_cross,50.0,50.0,100.0,sell,1.4487731554309666,1318652.1254882338,696362.1411615637,622289.9843266701,52.80863145795439,37062.00328874729,0.0,37062.00328874729,14.78773931221017,37.06200328874729,51.84974260095746,659300.1378728164,659300.1378728164,1318600.2757456328,50.0
macd_rebalance_50_50,16,2018-01-22,2018-01-19,golden_cross,50.0,50.0,100.0,sell,1.7204182051065926,1442219.089382701,782918.9515098848,659300.1378728164,54.28571548342145,61852.672763132054,0.0,61852.672763132054,24.679216432489692,61.852672763132055,86.53188919562174,721066.2787467528,721066.2787467528,1442132.5574935055,50.0
macd_rebalance_50_50,17,2018-02-12,2018-02-09,death_cross,50.0,50.0,100.0,buy,1.4844700781743037,1343241.3475776054,622175.0688308527,721066.2787467528,46.318933671367404,49435.74252731576,49435.74252731576,0.0,19.72486126839899,0.0,19.72486126839899,671610.8113581685,671610.8113581686,1343221.622716337,50.0
macd_rebalance_50_50,18,2018-06-11,2018-06-08,golden_cross,50.0,50.0,100.0,sell,1.6546835103993611,1420230.370148501,748619.5587903324,671610.8113581686,52.7111357794761,38531.32637888398,0.0,38531.32637888398,15.37399922517471,38.53132637888398,53.90532560405869,710088.2324114484,710088.2324114486,1420176.464822897,49.99999999999999
macd_rebalance_50_50,19,2018-07-02,2018-06-29,death_cross,50.0,50.0,100.0,buy,1.5832896649126869,1389538.6242763065,679450.3918648578,710088.2324114486,48.89755347525703,15315.864758276213,15315.864758276213,0.0,6.11103003855221,0.0,6.11103003855221,694766.256623134,694766.2566231338,1389532.5132462678,50.000000000000014
macd_rebalance_50_50,20,2018-08-06,2018-08-03,golden_cross,50.0,50.0,100.0,sell,1.7495851341017852,1462504.9346435042,767738.6780203703,694766.2566231338,52.49477521985333,36511.75066821062,0.0,36511.75066821062,14.568188516616038,36.51175066821062,51.07993918482666,731226.9273521597,731226.9273521596,1462453.8547043195,50.0
macd_rebalance_50_50,21,2018-08-20,2018-08-17,death_cross,50.0,50.0,100.0,buy,1.6755794239675652,1431523.6833321545,700296.7559799949,731226.9273521596,48.919676574956526,15462.001016879503,15462.001016879503,0.0,6.169338405734923,0.0,6.169338405734923,715758.7569968743,715758.7569968745,1431517.513993749,49.99999999999999
macd_rebalance_50_50,22,2019-01-21,2019-01-18,golden_cross,50.0,50.0,100.0,buy,1.4209121587595464,1322731.0711753787,606972.3141785043,715758.7569968745,45.88780950304197,54382.37212594597,54382.37212594597,0.0,21.698566478252445,0.0,21.698566478252445,661354.6863044503,661354.6863044503,1322709.3726089005,50.0
macd_rebalance_50_50,23,2019-06-03,2019-05-31,death_cross,50.0,50.0,100.0,sell,1.593737621696789,1403149.9045036125,741795.2181991623,661354.6863044503,52.86642687415387,40248.41971694801,0.0,40248.41971694801,16.059119467062256,40.248419716948014,56.30753918401027,701546.7984822142,701546.7984822143,1403093.5969644287,49.99999999999999
macd_rebalance_50_50,24,2019-07-08,2019-07-05,golden_cross,50.0,50.0,100.0,sell,1.7117116021306136,1455024.5215726066,753477.7230903924,701546.7984822143,51.78453778057468,25983.63785877131,0.0,25983.63785877131,10.367471505649755,25.983637858771313,36.35110936442107,727494.085231621,727494.0852316212,1454988.170463242,50.0
macd_rebalance_50_50,25,2019-08-05,2019-08-02,death_cross,50.0,50.0,100.0,buy,1.671661460931607,1437966.4707804793,710472.385548858,727494.0852316212,49.40813294229578,8509.152265504688,8509.152265504688,0.0,3.395151753936371,0.0,3.395151753936371,718981.5378143627,718981.5378143626,1437963.0756287253,50.0
macd_rebalance_50_50,26,2019-09-23,2019-09-20,golden_cross,50.0,50.0,100.0,sell,1.8531933607801885,1516039.9396145463,797058.4018001837,718981.5378143626,52.57502661854912,39065.75849097501,0.0,39065.75849097501,15.58723763789903,39.06575849097501,54.65299612887404,757992.6433092087,757992.6433092087,1515985.2866184174,50.0
macd_rebalance_50_50,27,2020-02-03,2020-01-31,death_cross,50.0,50.0,100.0,sell,2.0856587800962307,1611068.2290649454,853075.5857557367,757992.6433092087,52.950928481213786,47574.74976072162,0.0,47574.74976072162,18.982325154527928,47.57474976072162,66.55707491524956,805500.8359950151,805500.835995015,1611001.67199003,50.000000000000014
macd_rebalance_50_50,28,2020-05-18,2020-05-15,golden_cross,50.0,50.0,100.0,buy,1.867123859115899,1526601.4511947378,721100.6151997228,805500.835995015,47.23568254408381,42191.6931548617,42191.6931548617,0.0,16.83448556878982,0.0,16.83448556878982,763292.3083545845,763292.3083545845,1526584.616709169,50.0
macd_rebalance_50_50,29,2020-10-05,2020-09-30,death_cross,50.0,50.0,100.0,sell,2.7730425027446035,1896930.016828597,1133637.7084740126,763292.3083545845,59.76170435477093,185302.31903187683,0.0,185302.31903187683,73.93562529371887,185.30231903187683,259.2379443255957,948335.3894421357,948335.3894421358,1896670.7788842716,49.99999999999999
macd_rebalance_50_50,30,2020-10-12,2020-10-08,golden_cross,50.0,50.0,100.0,sell,2.944997288777784,1955476.5161990863,1007141.1267569504,948335.3894421358,51.50361655656997,29423.45036093471,0.0,29423.45036093471,11.73995669401295,29.42345036093471,41.163407054947655,977717.6763960157,977717.6763960156,1955435.3527920311,50.000000000000014
macd_rebalance_50_50,31,2020-10-19,2020-10-16,death_cross,50.0,50.0,100.0,buy,2.940644070322115,1953990.1159323778,976272.4395363622,977717.6763960156,49.96301831703576,722.4742962045962,722.4742962045962,0.0,0.2882672441856339,0.0,0.2882672441856339,976994.9138325668,976994.9138325667,1953989.8276651334,50.000000000000014
macd_rebalance_50_50,32,2020-11-16,2020-11-13,golden_cross,50.0,50.0,100.0,sell,3.3215564974555867,2080543.5672628179,1103548.6534302512,976994.9138325667,53.04136240136946,63321.16295232739,0.0,63321.16295232739,25.26514401797863,63.32116295232739,88.58630697030603,1040227.4904779238,1040227.4904779238,2080454.9809558475,50.0
macd_rebalance_50_50,33,2021-05-17,2021-05-14,death_cross,50.0,50.0,100.0,sell,4.31410525116581,2391296.14835429,1351068.6578763663,1040227.4904779238,56.49942851311758,155529.37649808166,0.0,155529.37649808166,62.05622122273459,155.52937649808166,217.58559772081625,1195539.2813782846,1195539.2813782846,2391078.562756569,50.0
macd_rebalance_50_50,34,2021-12-06,2021-12-03,golden_cross,50.0,50.0,100.0,sell,5.96400028768979,2848302.995512919,1652763.7141346345,1195539.2813782846,58.02626043431193,228772.24256184697,0.0,228772.24256184697,91.28012478217696,228.77224256184698,320.05236734402393,1423991.4715727875,1423991.4715727875,2847982.943145575,50.0
macd_rebalance_50_50,35,2022-03-01,2022-02-25,death_cross,50.0,50.0,100.0,sell,6.153368445739567,2893197.3343331357,1469205.8627603482,1423991.4715727875,50.781391415148356,22623.020396547756,0.0,22623.020396547756,9.026585138222556,22.623020396547755,31.64960553477031,1446582.8423638004,1446582.8423638006,2893165.684727601,50.0
macd_rebalance_50_50,36,2022-08-22,2022-08-19,golden_cross,50.0,50.0,100.0,buy,4.742903745570206,2561582.4140334027,1114999.571669602,1446582.8423638006,43.52776493003604,165758.56651307995,165758.56651307995,0.0,66.1376680387189,0.0,66.1376680387189,1280758.138182682,1280758.138182682,2561516.276365364,50.0
macd_rebalance_50_50,37,2022-09-19,2022-09-16,death_cross,50.0,50.0,100.0,buy,4.200919910672005,2415160.7430156404,1134402.6048329582,1280758.138182682,46.97006640711251,73163.17062232287,73163.17062232287,0.0,29.192105078306827,0.0,29.192105078306827,1207565.7754552811,1207565.7754552807,2415131.550910562,50.000000000000014
macd_rebalance_50_50,38,2022-11-21,2022-11-18,golden_cross,50.0,50.0,100.0,sell,4.211803122875819,2418259.9596552644,1210694.184199984,1207565.7754552807,50.06468305304011,1565.2992992115549,0.0,1565.2992992115549,0.6245544203854104,1.5652992992115549,2.1898537195969654,1209128.8849007725,1209128.8849007725,2418257.769801545,50.0
macd_rebalance_50_50,39,2023-08-14,2023-08-11,death_cross,50.0,50.0,100.0,sell,5.578734309971368,2810677.817408234,1601548.9325074616,1209128.8849007725,56.9808792237978,196347.36878781175,0.0,196347.36878781175,78.34260014633689,196.34736878781175,274.6899689341486,1405201.5637196498,1405201.5637196503,2810403.1274393,49.99999999999999
macd_rebalance_50_50,40,2023-11-27,2023-11-24,golden_cross,50.0,50.0,100.0,sell,6.068478859142975,2933762.615108224,1528561.0513885738,1405201.5637196503,52.10241086026609,61722.919016313695,0.0,61722.919016313695,24.62744468750917,61.722919016313696,86.35036370382286,1466838.13237226,1466838.13237226,2933676.26474452,50.0
macd_rebalance_50_50,41,2024-08-05,2024-08-02,death_cross,50.0,50.0,100.0,sell,7.700960689714998,3328270.4711460387,1861432.3387737786,1466838.13237226,55.9279167637125,197435.20912954537,0.0,197435.20912954537,78.77664844268861,197.43520912954537,276.21185757223395,1663997.1296442333,1663997.1296442333,3327994.2592884665,50.0
macd_rebalance_50_50,42,2025-06-09,2025-06-06,golden_cross,50.0,50.0,100.0,sell,8.66739046482048,3536817.0849816278,1872819.9553373947,1663997.1296442333,52.9521292828499,104484.49975415888,0.0,104484.49975415888,41.6893154019094,104.48449975415889,146.1738151560683,1768335.455583236,1768335.455583236,3536670.911166472,50.0
macd_rebalance_50_50,43,2026-04-07,2026-04-02,death_cross,50.0,50.0,100.0,sell,20.64999961853028,5981382.811813508,4213047.356230272,1768335.455583236,70.43600934401503,1223211.5868285045,0.0,1223211.5868285045,488.0614231445733,1223.2115868285046,1711.273009973078,2989835.7694017673,2989835.7694017673,5979671.538803535,50.0
macd_rebalance_50_50,44,2026-04-13,2026-04-10,golden_cross,50.0,50.0,100.0,sell,23.6200008392334,6409686.843833216,3419851.0744314482,2989835.7694017673,53.354417427143105,215158.15564471396,0.0,215158.15564471396,85.84810410224088,215.15815564471396,301.0062597469548,3204692.9187867343,3204692.9187867343,6409385.837573469,50.0
macd_rebalance_50_50,45,2026-07-20,2026-07-17,death_cross,50.0,50.0,100.0,sell,32.060001373291016,7554500.527879659,4349807.609092925,3204692.9187867343,57.57902316692003,572958.1293645857,0.0,572958.1293645857,228.61029361646973,572.9581293645857,801.5684229810554,3776849.4797283392,3776849.479728339,7553698.9594566785,50.0
macd_rebalance_60_40,1,2014-10-23,2004-01-30,golden_cross,60.0,40.0,120.0,buy,0.8706569763050788,1000000.0,0.0,1000000.0,0.0,599856.3943791857,599856.3943791857,0.0,239.34270135729514,0.0,239.34270135729514,599856.3943791857,399904.26291945693,999760.6572986427,60.00000000000001
macd_rebalance_60_40,2,2014-12-29,2014-12-26,golden_cross,60.0,40.0,120.0,buy,0.8262534505857629,969167.9674556808,569263.7045362239,399904.26291945693,58.73736273297288,12234.147082373103,12234.147082373103,0.0,4.881424685866869,0.0,4.881424685866869,581497.851618597,387665.23441239796,969163.086030995,60.00000000000001
macd_rebalance_60_40,3,2015-05-18,2015-05-15,death_cross,60.0,40.0,120.0,buy,0.8010044015942087,951393.3959515252,563728.1615391272,387665.23441239796,59.25289832134277,7106.174813537473,7106.174813537473,0.0,2.835363750601452,0.0,2.835363750601452,570834.3363526647,380556.2242351099,951390.5605877747,59.999999999999986
macd_rebalance_60_40,4,2015-10-19,2015-10-16,golden_cross,60.0,40.0,120.0,sell,0.8562911395173377,990790.5542565251,610234.3300214153,380556.2242351099,61.59064874001814,15773.237523077029,0.0,15773.237523077029,6.293521771707735,15.773237523077029,22.066759294784763,594461.0924983382,396307.3949988922,990768.4874972304,60.0
macd_rebalance_60_40,5,2016-01-11,2016-01-08,death_cross,60.0,40.0,120.0,buy,0.6839010565482857,871090.5037738138,474783.1087749216,396307.3949988922,54.50445237527273,47859.73586859974,47859.73586859974,0.0,19.096034611571298,0.0,19.096034611571298,522642.84464352136,348428.5630956809,871071.4077392023,60.0
macd_rebalance_60_40,6,2016-02-22,2016-02-19,golden_cross,60.0,40.0,120.0,sell,0.788815257066622,951247.7076255481,602819.1445298672,348428.5630956809,63.371416267019555,32097.46256461506,0.0,32097.46256461506,12.80688756328141,32.09746256461506,44.904350127896464,570721.6819652522,380481.12131016806,951202.8032754202,60.0
macd_rebalance_60_40,7,2016-05-16,2016-05-13,death_cross,60.0,40.0,120.0,buy,0.7500709651590686,923170.6281292896,542689.5068191215,380481.12131016806,58.78539570943955,11210.186339842488,11210.186339842488,0.0,4.472864349597153,0.0,4.472864349597153,553899.693158964,369266.46210597595,923166.15526494,60.00000000000001
macd_rebalance_60_40,8,2016-06-04,2016-06-03,golden_cross,60.0,40.0,120.0,sell,0.8567264779693686,1001927.3106268313,632660.8485208553,369266.46210597595,63.1443860059116,31530.929206732708,0.0,31530.929206732708,12.580840753486353,31.530929206732708,44.111769960219064,601129.9193141226,400753.27954274847,1001883.1988568711,60.0
macd_rebalance_60_40,9,2016-11-07,2016-11-04,death_cross,60.0,40.0,120.0,sell,1.0874505434772868,1163772.8362722332,763019.5567294846,400753.27954274847,65.56430369809704,64810.25669561496,0.0,64810.25669561496,25.85929242155037,64.81025669561497,90.66954911716533,698209.3000338696,465472.86668924626,1163682.1667231158,60.00000000000001
macd_rebalance_60_40,10,2017-02-02,2017-01-24,golden_cross,60.0,40.0,120.0,sell,1.1218415338968506,1185763.271461482,720290.4047722357,465472.86668924626,60.7448739649745,8839.862075572742,0.0,8839.862075572742,3.5271049681535245,8.839862075572743,12.366967043726268,711450.542696663,474300.36179777526,1185750.9044944383,60.0
macd_rebalance_60_40,11,2017-04-24,2017-04-21,death_cross,60.0,40.0,120.0,sell,1.203683253135308,1237653.3646976831,763353.0028999079,474300.36179777526,61.677447391448666,20778.425491655693,0.0,20778.425491655693,8.290591771170622,20.778425491655693,29.069017262826314,742574.5774082522,495049.71827216813,1237624.2956804202,60.0
macd_rebalance_60_40,12,2017-05-15,2017-05-12,golden_cross,60.0,40.0,120.0,sell,1.2942315753497426,1293485.2391040898,798435.5208319217,495049.71827216813,61.72745514938727,22363.14899673573,0.0,22363.14899673573,8.922896449697557,22.36314899673573,31.286045446433288,776072.371835186,517381.58122345747,1293453.9530586435,60.0
macd_rebalance_60_40,13,2017-05-22,2017-05-19,death_cross,60.0,40.0,120.0,buy,1.2781244677861976,1283795.4951687818,766413.9139453244,517381.58122345747,59.69906553103797,3862.4584833838353,3862.4584833838353,0.0,1.5411209348701504,0.0,1.5411209348701504,770276.3724287082,513517.5816191388,1283793.954047847,60.0
macd_rebalance_60_40,14,2017-05-31,2017-05-26,golden_cross,60.0,40.0,120.0,sell,1.2946669138017737,1293763.4489046712,780245.8672855325,513517.5816191388,60.3082323856116,3991.1481124553784,0.0,3991.1481124553784,1.5924680968696963,3.9911481124553783,5.583616209325075,776254.7191730771,517503.1461153848,1293757.865288462,60.0
macd_rebalance_60_40,15,2017-08-14,2017-08-11,death_cross,60.0,40.0,120.0,sell,1.4487731554309666,1386156.6869802962,868653.5408649114,517503.1461153848,62.666331232528194,36990.57856838403,0.0,36990.57856838403,14.759240848785229,36.99057856838403,51.74981941716926,831662.9622965273,554441.9748643517,1386104.937160879,60.0
macd_rebalance_60_40,16,2018-01-22,2018-01-19,golden_cross,60.0,40.0,120.0,sell,1.7204182051065926,1542041.790255879,987599.8153915275,554441.9748643517,64.04494493159292,62427.14258148301,0.0,62427.14258148301,24.908429890011725,62.42714258148301,87.33557247149474,925172.6728100445,616781.7818733632,1541954.4546834077,60.0
macd_rebalance_60_40,17,2018-02-12,2018-02-09,death_cross,60.0,40.0,120.0,buy,1.4844700781743037,1415070.910559934,798289.128686571,616781.7818733632,56.41336577053183,50741.270189306044,50741.270189306044,0.0,20.245766805533115,0.0,20.245766805533115,849030.398875877,566020.2659172517,1415050.6647931286,59.999999999999986
macd_rebalance_60_40,18,2018-06-11,2018-06-08,golden_cross,60.0,40.0,120.0,sell,1.6546835103993611,1512402.8313210038,946382.5654037521,566020.2659172517,62.57476816392475,38973.5810350707,0.0,38973.5810350707,15.550458832993213,38.9735810350707,54.524039868063916,907408.9843686814,604939.3229124544,1512348.3072811358,60.0
macd_rebalance_60_40,19,2018-07-02,2018-06-29,death_cross,60.0,40.0,120.0,buy,1.5832896649126869,1473196.7617341555,868257.4388217012,604939.3229124544,58.93696357298822,15656.86996412261,15656.86996412261,0.0,6.247091115684922,0.0,6.247091115684922,883914.3087858239,589276.205857216,1473190.51464304,59.999999999999986
macd_rebalance_60_40,20,2018-08-06,2018-08-03,golden_cross,60.0,40.0,120.0,sell,1.7495851341017852,1566029.4612741997,976753.2554169837,589276.205857216,62.371320563934255,37166.776444611576,0.0,37166.776444611576,14.829543801400021,37.16677644461158,51.9963202460116,939586.4789723721,626390.9859815816,1565977.4649539539,59.999999999999986
macd_rebalance_60_40,21,2018-08-20,2018-08-17,death_cross,60.0,40.0,120.0,buy,1.6755794239675652,1526233.8918899542,899842.9059083726,626390.9859815816,58.958388402323195,15893.624291944368,15893.624291944368,0.0,6.341556092485804,0.0,6.341556092485804,915736.5302003169,610491.0201335448,1526227.5503338617,60.0
macd_rebalance_60_40,22,2019-01-21,2019-01-18,golden_cross,60.0,40.0,120.0,buy,1.4209121587595464,1387046.9692993995,776555.9491658547,610491.0201335448,55.98627633771442,55658.90767128845,55658.90767128845,0.0,22.207904160844095,0.0,22.207904160844095,832214.8568371432,554809.9045580955,1387024.7613952388,60.0
macd_rebalance_60_40,23,2019-06-03,2019-05-31,death_cross,60.0,40.0,120.0,sell,1.593737621696789,1488247.005859451,933437.1013013553,554809.9045580955,62.72057646521538,40522.912718620806,0.0,40522.912718620806,16.168642174729705,40.52291271862081,56.691554893350514,892914.1885827344,595276.125721823,1488190.3143045574,60.0
macd_rebalance_60_40,24,2019-07-08,2019-07-05,golden_cross,60.0,40.0,120.0,sell,1.7117116021306136,1554286.9161409326,959010.7904191095,595276.125721823,61.70101417312276,26460.851973696685,0.0,26460.851973696685,10.557879937504978,26.460851973696684,37.01873191120166,932549.9384454128,621699.9589636085,1554249.8974090214,60.0
macd_rebalance_60_40,25,2019-08-05,2019-08-02,death_cross,60.0,40.0,120.0,buy,1.671661460931607,1532430.3591974587,910730.4002338503,621699.9589636085,59.43045925498398,8725.726345737643,8725.726345737643,0.0,3.48156481194932,0.0,3.48156481194932,919456.126579588,612970.7510530589,1532426.8776326468,60.0
macd_rebalance_60_40,26,2019-09-23,2019-09-20,golden_cross,60.0,40.0,120.0,sell,1.8531933607801885,1632274.018567745,1019303.2675146863,612970.7510530589,62.4468230162166,39972.40921433383,0.0,39972.40921433383,15.9489912765192,39.97240921433383,55.92140049085303,979330.8583003525,652887.238866902,1632218.0971672544,59.999999999999986
macd_rebalance_60_40,27,2020-02-03,2020-01-31,death_cross,60.0,40.0,120.0,sell,2.0856587800962307,1755065.8061230467,1102178.5672561447,652887.238866902,62.79984279853673,49180.36558118561,0.0,49180.36558118561,19.62296586689306,49.18036558118561,68.80333144807867,1052998.2016749592,701998.8011166394,1754997.0027915984,60.00000000000001
macd_rebalance_60_40,28,2020-05-18,2020-05-15,golden_cross,60.0,40.0,120.0,buy,1.867123859115899,1644664.0561986514,942665.255082012,701998.8011166394,57.31658398742021,44122.61568298423,44122.61568298423,0.0,17.60492365751071,0.0,17.60492365751071,986787.8707649963,657858.5805099977,1644646.4512749938,60.0
macd_rebalance_60_40,29,2020-10-05,2020-09-30,death_cross,60.0,40.0,120.0,sell,2.7730425027446035,2123430.7188896644,1465572.1383796667,657858.5805099977,69.01907019344668,191674.5987040202,0.0,191674.5987040202,76.47816488290407,191.6745987040202,268.15276358692427,1273897.5396756465,849265.026450431,2123162.5661260774,60.0
macd_rebalance_60_40,30,2020-10-12,2020-10-08,golden_cross,60.0,40.0,120.0,sell,2.944997288777784,2202156.2269323273,1352891.2004818963,849265.026450431,61.434842085046625,31624.009516087735,0.0,31624.009516087735,12.617979796919007,31.624009516087735,44.24198931300674,1321267.1909658085,880844.7939772056,2202111.984943014,60.0
macd_rebalance_60_40,31,2020-10-19,2020-10-16,death_cross,60.0,40.0,120.0,buy,2.940644070322115,2200158.922119323,1319314.1281421175,880844.7939772056,59.96449233182102,781.0381489434258,781.0381489434258,0.0,0.3116342214284269,0.0,0.3116342214284269,1320095.1662910609,880063.4441940407,2200158.6104851016,60.0
macd_rebalance_60_40,32,2020-11-16,2020-11-13,golden_cross,60.0,40.0,120.0,sell,3.3215564974555867,2371155.385958174,1491091.941764133,880063.4441940407,62.88461526369302,68456.17230025772,0.0,68456.17230025772,27.314012747802835,68.45617230025772,95.77018504806055,1422635.7694638753,948423.8463092503,2371059.6157731256,60.0
macd_rebalance_60_40,33,2021-05-17,2021-05-14,death_cross,60.0,40.0,120.0,sell,4.31410525116581,2796172.167989719,1847748.3216804687,948423.8463092503,66.08135016982483,170187.87659024712,0.0,170187.87659024712,67.9049627595086,170.18787659024713,238.09283934975574,1677560.4450902217,1118373.6300601477,2795934.0751503697,60.0
macd_rebalance_60_40,34,2021-12-06,2021-12-03,golden_cross,60.0,40.0,120.0,sell,5.96400028768979,3437503.645358553,2319130.015298405,1118373.6300601477,67.46552890001387,256843.42245207977,0.0,256843.42245207977,102.48052555837984,256.8434224520798,359.3239480104596,2062286.5928463254,1374857.728564217,3437144.3214105424,60.0
macd_rebalance_60_40,35,2022-03-01,2022-02-25,death_cross,60.0,40.0,120.0,sell,6.153368445739567,3502625.7759074764,2127768.0473432597,1374857.728564217,60.747798465338136,26214.58632253286,0.0,26214.58632253286,10.459619942690614,26.214586322532863,36.674206265223475,2101553.4610207267,1401035.6406804847,3502589.101701211,60.0
macd_rebalance_60_40,36,2022-08-22,2022-08-19,golden_cross,60.0,40.0,120.0,buy,4.742903745570206,3020874.574377434,1619838.9336969492,1401035.6406804847,53.621522304704705,192639.69298701014,192639.69298701014,0.0,76.86323750181705,0.0,76.86323750181705,1812478.6266839593,1208319.0844559728,3020797.7111399323,60.0
macd_rebalance_60_40,37,2022-09-19,2022-09-16,death_cross,60.0,40.0,120.0,buy,4.200919910672005,2813681.107165272,1605362.022709299,1208319.0844559728,57.055578140007114,82826.81285086744,82826.81285086744,0.0,33.047898327496114,0.0,33.047898327496114,1688188.8355601665,1125459.223706778,2813648.0592669444,60.0
macd_rebalance_60_40,38,2022-11-21,2022-11-18,golden_cross,60.0,40.0,120.0,sell,4.211803122875819,2818021.6054730588,1692562.3817662809,1125459.223706778,60.06207966890843,1750.8881779822445,0.0,1750.8881779822445,0.6986043830149157,1.7508881779822445,2.44949256099716,1690811.4935882986,1127207.6623921993,2818019.1559804976,60.0
macd_rebalance_60_40,39,2023-08-14,2023-08-11,death_cross,60.0,40.0,120.0,sell,5.578734309971368,3366768.20589035,2239560.5434981505,1127207.6623921993,66.51959405996271,219684.02273262248,0.0,219684.02273262248,87.65392507031638,219.68402273262248,307.33794780293886,2019876.520765528,1346584.3471770189,3366460.867942547,60.0
macd_rebalance_60_40,40,2023-11-27,2023-11-24,golden_cross,60.0,40.0,120.0,sell,6.068478859142975,3543781.288862486,2197196.941685467,1346584.3471770189,62.001482670245224,70987.75548993364,0.0,70987.75548993364,28.324114440483527,70.98775548993365,99.31186993041717,2126209.1861955333,1417472.790797022,3543681.976992555,60.00000000000001
macd_rebalance_60_40,41,2024-08-05,2024-08-02,death_cross,60.0,40.0,120.0,sell,7.700960689714998,4115653.626729789,2698180.8359327675,1417472.790797022,65.55898723860017,228980.86643417875,0.0,228980.86643417875,91.36336570723734,228.98086643417875,320.3442321414161,2469199.9694985887,1646133.3129990592,4115333.282497648,60.0
macd_rebalance_60_40,42,2025-06-09,2025-06-06,golden_cross,60.0,40.0,120.0,sell,8.66739046482048,4425204.79948903,2779071.4864899707,1646133.3129990592,62.800968823202595,124052.73666370842,0.0,124052.73666370842,49.49704192881966,124.05273666370842,173.54977859252807,2655018.7498262622,1770012.4998841751,4425031.249710437,60.0
macd_rebalance_60_40,43,2026-04-07,2026-04-02,death_cross,60.0,40.0,120.0,sell,20.64999961853028,8095576.854418954,6325564.354534779,1770012.4998841751,78.13605464176382,1469451.6996400843,0.0,1469451.6996400843,586.3112281563937,1469.4516996400844,2055.762927796478,4856112.654894695,3237408.4365964625,8093521.091491157,60.00000000000001
macd_rebalance_60_40,44,2026-04-13,2026-04-10,golden_cross,60.0,40.0,120.0,sell,23.6200008392334,8791955.027536701,5554546.590940239,3237408.4365964625,63.177604679996776,279608.2776064407,0.0,279608.2776064407,111.56370276496986,279.6082776064407,391.17198037141054,5274938.313333798,3516625.542222532,8791563.85555633,60.00000000000001
macd_rebalance_60_40,45,2026-07-20,2026-07-17,death_cross,60.0,40.0,120.0,sell,32.060001373291016,10676427.555802632,7159802.013580101,3516625.542222532,67.06177676154186,754578.8736050255,0.0,754578.8736050255,301.0769705684052,754.5788736050255,1055.6558441734308,6405223.139975075,4270148.759983384,10675371.899958458,60.0
macd_rebalance_70_30,1,2014-10-23,2004-01-30,golden_cross,70.0,30.000000000000004,140.0,buy,0.8706569763050788,1000000.0,0.0,1000000.0,0.0,699804.5445906958,699804.5445906958,0.0,279.22201329168763,0.0,279.22201329168763,699804.5445906958,299916.23339601257,999720.7779867083,70.0
macd_rebalance_70_30,2,2014-12-29,2014-12-26,golden_cross,70.0,30.000000000000004,140.0,buy,0.8262534505857629,964030.7301953279,664114.4967993153,299916.23339601257,68.88934927051082,10704.02470331454,10704.02470331454,0.0,4.270905856622503,0.0,4.270905856622503,674818.5215026299,289207.9377868414,964026.4592894713,70.0
macd_rebalance_70_30,3,2015-05-18,2015-05-15,death_cross,70.0,30.000000000000004,140.0,buy,0.8010044015942087,943405.0314482334,654197.093661392,289207.9377868414,69.34424471503246,6184.700965391689,6184.700965391689,0.0,2.4676956851912846,0.0,2.4676956851912846,660381.7946267837,283020.7691257645,943402.5637525482,70.0
macd_rebalance_70_30,4,2015-10-19,2015-10-16,golden_cross,70.0,30.000000000000004,140.0,sell,0.8562911395173377,988983.2810820303,705962.5119562658,283020.7691257645,71.38265382847361,13687.619484605946,0.0,13687.619484605946,5.4613601743577735,13.687619484605946,19.148979658963718,692274.8924716598,296689.2396307115,988964.1321023713,69.99999999999999
macd_rebalance_70_30,5,2016-01-11,2016-01-08,death_cross,70.0,30.000000000000004,140.0,buy,0.6839010565482857,849594.0970254585,552904.857394747,296689.2396307115,65.07870750638925,41799.33596853794,41799.33596853794,0.0,16.67793505144664,0.0,16.67793505144664,594704.1933632849,254873.2257271221,849577.419090407,70.0
macd_rebalance_70_30,6,2016-02-22,2016-02-19,golden_cross,70.0,30.000000000000004,140.0,sell,0.788815257066622,940808.3279977776,685935.1022706555,254873.2257271221,72.90912312930502,27396.10167458109,0.0,27396.10167458109,10.931044568157855,27.39610167458109,38.32714624273895,658539.0005960744,282231.00025546044,940770.0008515348,70.0
macd_rebalance_70_30,7,2016-05-16,2016-05-13,death_cross,70.0,30.000000000000004,140.0,buy,0.7500709651590686,908424.4965740384,626193.496318578,282231.00025546044,68.93181532203893,9700.941810201204,9700.941810201204,0.0,3.870675782270281,0.0,3.870675782270281,635894.4381287792,272526.18776947696,908420.6258982562,69.99999999999999
macd_rebalance_70_30,8,2016-06-04,2016-06-03,golden_cross,70.0,30.000000000000004,140.0,sell,0.8567264779693686,998840.9334986969,726314.74572922,272526.18776947696,72.71575697094391,27152.682902498647,0.0,27152.682902498647,10.833920478096962,27.152682902498647,37.98660338059561,699162.0628267213,299640.884068595,998802.9468953164,69.99999999999999
macd_rebalance_70_30,9,2016-11-07,2016-11-04,death_cross,70.0,30.000000000000004,140.0,sell,1.0874505434772868,1187093.5130590147,887452.6289904197,299640.884068595,74.75844314097445,56542.54196045136,0.0,56542.54196045136,22.560474242220096,56.54254196045136,79.10301620267145,830910.0870299683,356104.32301284367,1187014.410042812,70.0
macd_rebalance_70_30,10,2017-02-02,2017-01-24,golden_cross,70.0,30.000000000000004,140.0,sell,1.1218415338968506,1213292.2219524838,857187.8989396401,356104.32301284367,70.64974813406579,7891.071299024697,0.0,7891.071299024697,3.1485374483108544,7.891071299024697,11.039608747335551,849296.8276406154,363984.354703121,1213281.1823437363,70.0
macd_rebalance_70_30,11,2017-04-24,2017-04-21,death_cross,70.0,30.000000000000004,140.0,sell,1.203683253135308,1275239.9442701484,911255.5895670274,363984.354703121,71.45757891771196,18605.849286129425,0.0,18605.849286129425,7.423733865165642,18.605849286129427,26.029583151295068,892649.7402808979,382564.17440609913,1275213.914686997,70.0
macd_rebalance_70_30,12,2017-05-15,2017-05-12,golden_cross,70.0,30.000000000000004,140.0,sell,1.2942315753497426,1342364.418025021,959800.2436189218,382564.17440609913,71.50072146809777,20164.898486495007,0.0,20164.898486495007,8.045794496111508,20.16489848649501,28.210692982606517,939635.3451324268,402700.86219961155,1342336.2073320383,70.0
macd_rebalance_70_30,13,2017-05-22,2017-05-19,death_cross,70.0,30.000000000000004,140.0,buy,1.2781244677861976,1330642.1582431288,927941.2960435172,402700.86219961155,69.73635175280295,3507.2351558938158,3507.2351558938158,0.0,1.3993868272016328,0.0,1.3993868272016328,931448.531199411,399192.2276568905,1330640.7588563017,69.99999999999999
macd_rebalance_70_30,14,2017-05-31,2017-05-26,golden_cross,70.0,30.000000000000004,140.0,sell,1.2946669138017737,1342696.2647416887,943504.0370847982,399192.2276568905,70.2693574012669,3620.197024562299,0.0,3620.197024562299,1.4444586128003574,3.620197024562299,5.064655637362656,939883.8400602359,402807.36002581543,1342691.2000860514,70.0
macd_rebalance_70_30,15,2017-08-14,2017-08-11,death_cross,70.0,30.000000000000004,140.0,sell,1.4487731554309666,1454567.0537250154,1051759.6936992,402807.36002581543,72.30740521763764,33595.65631792136,0.0,33595.65631792136,13.404666870850626,33.59565631792136,47.000323188771986,1018164.0373812786,436356.016020548,1454520.0534018266,70.0
macd_rebalance_70_30,16,2018-01-22,2018-01-19,golden_cross,70.0,30.000000000000004,140.0,sell,1.7204182051065926,1645425.8687639972,1209069.8527434492,436356.016020548,73.48066392390392,57327.88580722216,0.0,57327.88580722216,22.873826437081647,57.32788580722217,80.20171224430382,1151741.966936227,493603.70011552586,1645345.6670517528,70.0
macd_rebalance_70_30,17,2018-02-12,2018-02-09,death_cross,70.0,30.000000000000004,140.0,buy,1.4844700781743037,1487389.0963753364,993785.3962598104,493603.70011552586,66.81408373112296,47373.739717421886,47373.739717421886,0.0,18.902122147251333,0.0,18.902122147251333,1041159.1359772324,446211.0582759567,1487370.194253189,70.0
macd_rebalance_70_30,18,2018-06-11,2018-06-08,golden_cross,70.0,30.000000000000004,140.0,sell,1.6546835103993611,1606752.371524903,1160541.3132489463,446211.0582759567,72.22900888875141,35849.76085231691,0.0,35849.76085231691,14.30405458007445,35.84976085231691,50.15381543239136,1124691.5523966295,482010.66531284124,1606702.2177094708,70.0
macd_rebalance_70_30,19,2018-07-02,2018-06-29,death_cross,70.0,30.000000000000004,140.0,buy,1.5832896649126869,1558175.6841413728,1076165.0188285315,482010.66531284124,69.06570483555893,14553.895167509083,14553.895167509083,0.0,5.807004171836125,0.0,5.807004171836125,1090718.9139960406,467450.9631411603,1558169.877137201,70.0
macd_rebalance_70_30,20,2018-08-06,2018-08-03,golden_cross,70.0,30.000000000000004,140.0,sell,1.7495851341017852,1672729.8452693734,1205278.882128213,467450.9631411603,72.0546049642653,34401.680004880545,0.0,34401.680004880545,13.72627032194734,34.40168000488055,48.127950326827886,1170877.2021233325,501804.515195714,1672681.7173190466,70.0
macd_rebalance_70_30,21,2018-08-20,2018-08-17,death_cross,70.0,30.000000000000004,140.0,buy,1.6755794239675652,1623154.776826613,1121350.2616308988,501804.515195714,69.08461704577682,14853.933444119104,14853.933444119104,0.0,5.926719444203523,0.0,5.926719444203523,1136204.1950750179,486944.6550321507,1623148.8501071685,70.0
macd_rebalance_70_30,22,2019-01-21,2019-01-18,golden_cross,70.0,30.000000000000004,140.0,buy,1.4209121587595464,1450459.9217647098,963515.2667325591,486944.6550321507,66.42825853197606,51792.21293766417,51792.21293766417,0.0,20.665092962128007,0.0,20.665092962128007,1015307.4796702232,435131.77700152434,1450439.2566717477,69.99999999999999
macd_rebalance_70_30,23,2019-06-03,2019-05-31,death_cross,70.0,30.000000000000004,140.0,sell,1.593737621696789,1573931.046164799,1138799.2691632747,435131.77700152434,72.35382210282904,37083.853065222276,0.0,37083.853065222276,14.79645737302369,37.08385306522228,51.88031043824597,1101715.4160980524,472163.7497563084,1573879.165854361,69.99999999999999
macd_rebalance_70_30,24,2019-07-08,2019-07-05,golden_cross,70.0,30.000000000000004,140.0,sell,1.7117116021306136,1655431.9579657856,1183268.2082094771,472163.7497563084,71.47791260859137,24489.820514657236,0.0,24489.820514657236,9.771438385348238,24.489820514657236,34.26125890000547,1158778.3876948198,496619.30901206564,1655397.6967068855,70.0
macd_rebalance_70_30,25,2019-08-05,2019-08-02,death_cross,70.0,30.000000000000004,140.0,buy,1.671661460931607,1628284.929586672,1131665.6205746063,496619.30901206564,69.50046641172753,8131.558991637609,8131.558991637609,0.0,3.2444920376634063,0.0,3.2444920376634063,1139797.179566244,488484.50552839035,1628281.6850946343,70.0
macd_rebalance_70_30,26,2019-09-23,2019-09-20,golden_cross,70.0,30.000000000000004,140.0,sell,1.8531933607801885,1752056.4757950227,1263571.9702666323,488484.50552839035,72.11936302985136,37168.83665184969,0.0,37168.83665184969,14.830365824088029,37.168836651849695,51.99920247593772,1226403.1336147825,525601.3429777642,1752004.4765925468,69.99999999999999
macd_rebalance_70_30,27,2020-02-03,2020-01-31,death_cross,70.0,30.000000000000004,140.0,sell,2.0856587800962307,1905845.0443065623,1380243.701328798,525601.3429777642,72.42161189610232,46197.411439226846,0.0,46197.411439226846,18.432767164251512,46.19741143922685,64.63017860347836,1334046.289889571,571734.1242383876,1905780.4141279585,70.0
macd_rebalance_70_30,28,2020-05-18,2020-05-15,golden_cross,70.0,30.000000000000004,140.0,buy,1.867123859115899,1765999.303561219,1194265.1793228316,571734.1242383876,67.62546151148196,41922.62418108787,41922.62418108787,0.0,16.72712704825406,0.0,16.72712704825406,1236187.8035039194,529794.7729302514,1765982.5764341708,69.99999999999999
macd_rebalance_70_30,29,2020-10-05,2020-09-30,death_cross,70.0,30.000000000000004,140.0,sell,2.7730425027446035,2365774.3753300915,1835979.60239984,529794.7729302514,77.6058622303604,180113.92523575947,0.0,180113.92523575947,71.86545616906804,180.11392523575947,251.9793814048275,1655865.6771640806,709656.7187846061,2365522.3959486866,70.0
macd_rebalance_70_30,30,2020-10-12,2020-10-08,golden_cross,70.0,30.000000000000004,140.0,sell,2.944997288777784,2468201.683386446,1758544.9646018401,709656.7187846061,71.24802549316246,30833.981949851524,0.0,30833.981949851524,12.30275879799076,30.833981949851523,43.13674074784228,1727710.9826519885,740447.5639937097,2468158.546645698,70.0
macd_rebalance_70_30,31,2020-10-19,2020-10-16,death_cross,70.0,30.000000000000004,140.0,buy,2.940644070322115,2465604.689172076,1725157.1251783662,740447.5639937097,69.9689261930166,765.9433141193152,765.9433141193152,0.0,0.3056113823336068,0.0,0.3056113823336068,1725923.0684924854,739681.315068208,2465604.3835606934,70.0
macd_rebalance_70_30,32,2020-11-16,2020-11-13,golden_cross,70.0,30.000000000000004,140.0,sell,3.3215564974555867,2689169.5377730182,1949488.2227048103,739681.315068208,72.49406165441097,67135.2918550114,0.0,67135.2918550114,26.78698145014955,67.1352918550114,93.92227330516096,1882352.930849799,806722.6846499143,2689075.6154997135,69.99999999999999
macd_rebalance_70_30,33,2021-05-17,2021-05-14,death_cross,70.0,30.000000000000004,140.0,sell,4.31410525116581,3251561.0216606343,2444838.3370107203,806722.6846499143,75.18968030198906,168911.03642624858,0.0,168911.03642624858,67.39550353407319,168.9110364262486,236.30653996032177,2275927.300584472,975397.4145362026,3251324.715120674,70.0
macd_rebalance_70_30,34,2021-12-06,2021-12-03,golden_cross,70.0,30.000000000000004,140.0,sell,5.96400028768979,4121734.9017309817,3146337.4871947793,975397.4145362026,76.33527051614672,261379.02446174755,0.0,261379.02446174755,104.29023076023729,261.3790244617476,365.6692552219849,2884958.4627330317,1236410.7697427282,4121369.23247576,70.0
macd_rebalance_70_30,35,2022-03-01,2022-02-25,death_cross,70.0,30.000000000000004,140.0,sell,6.153368445739567,4212972.056718662,2976561.2869759346,1236410.7697427282,70.65229123058259,27507.78564735552,0.0,27507.78564735552,10.975606473294853,27.50778564735552,38.48339212065037,2949053.501328579,1263880.0719979631,4212933.573326542,70.0
macd_rebalance_70_30,36,2022-08-22,2022-08-19,golden_cross,70.0,30.000000000000004,140.0,buy,4.742903745570206,3536956.521210514,2273076.4492125507,1263880.0719979631,64.26645155464327,202736.49133277952,202736.49133277952,0.0,80.89186004177904,0.0,80.89186004177904,2475812.9405453303,1061062.688805142,3536875.6293504722,70.0
macd_rebalance_70_30,37,2022-09-19,2022-09-16,death_cross,70.0,30.000000000000004,140.0,buy,4.200919910672005,3253958.1037184973,2192895.4149133554,1061062.688805142,67.39163028581713,84851.55864926169,84851.55864926169,0.0,33.85577190105542,0.0,33.85577190105542,2277746.973562617,976177.2743839792,3253924.247946596,70.0
macd_rebalance_70_30,38,2022-11-21,2022-11-18,golden_cross,70.0,30.000000000000004,140.0,sell,4.211803122875819,3259825.146841836,2283647.872457857,976177.2743839792,70.05430566330487,1772.004993061356,0.0,1772.004993061356,0.7070299922314811,1.772004993061356,2.479034985292837,2281875.8674647952,977946.8003420552,3259822.6678068503,70.0
macd_rebalance_70_30,39,2023-08-14,2023-08-11,death_cross,70.0,30.000000000000004,140.0,sell,5.578734309971368,4000400.324767362,3022453.524425307,977946.8003420552,75.55377659862263,222391.0846773782,0.0,222391.0846773782,88.73404278627392,222.39108467737822,311.1251274636521,2800062.4397479286,1200026.7598919699,4000089.1996398987,69.99999999999999
macd_rebalance_70_30,40,2023-11-27,2023-11-24,golden_cross,70.0,30.000000000000004,140.0,sell,6.068478859142975,4245900.389241745,3045873.629349775,1200026.7598919699,71.73681316376155,73815.64454125325,0.0,73815.64454125325,29.45244217196005,73.81564454125325,103.26808671321331,2972057.984808522,1273739.13634651,4245797.121155032,69.99999999999999
macd_rebalance_70_30,41,2024-08-05,2024-08-02,death_cross,70.0,30.000000000000004,140.0,sell,7.700960689714998,5045310.6025765715,3771571.4662300614,1273739.13634651,74.7539995714827,240089.1637445167,0.0,240089.1637445167,95.79557633406218,240.0891637445167,335.8847400785789,3531482.3024855447,1513492.415350948,5044974.717836493,70.0
macd_rebalance_70_30,42,2025-06-09,2025-06-06,golden_cross,70.0,30.000000000000004,140.0,sell,8.66739046482048,5488157.040782021,3974664.625431074,1513492.415350948,72.42257457094766,133085.02705065004,0.0,133085.02705065004,53.10092579320937,133.08502705065004,186.1859528438594,3841579.5983804236,1646391.256448754,5487970.854829177,70.0
macd_rebalance_70_30,43,2026-04-07,2026-04-02,death_cross,70.0,30.000000000000004,140.0,sell,20.64999961853028,10798928.87005822,9152537.613609465,1646391.256448754,84.75412444827151,1594849.2404298643,0.0,1594849.2404298643,636.3448469315159,1594.8492404298643,2231.1940873613803,7557688.373179601,3239009.302791257,10796697.675970858,70.0
macd_rebalance_70_30,44,2026-04-13,2026-04-10,golden_cross,70.0,30.000000000000004,140.0,sell,23.6200008392334,11883687.705447417,8644678.40265616,3239009.302791257,72.74407252130571,326416.66868661414,0.0,326416.66868661414,130.24025080595905,326.4166686866142,456.65691949257325,8318261.733969546,3564969.3145583784,11883231.048527924,70.0
macd_rebalance_70_30,45,2026-07-20,2026-07-17,death_cross,70.0,30.000000000000004,140.0,sell,32.060001373291016,14855548.194280092,11290578.879721714,3564969.3145583784,76.00243849681013,892569.2367792283,0.0,892569.2367792283,356.1351254749121,892.5692367792284,1248.7043622541405,10398009.642942486,4456289.846975353,14854299.489917839,70.0
